{
  "hash": "868e0612",
  "configHash": "cc13026b",
  "lockfileHash": "a0352832",
  "browserHash": "9b8e25dd",
  "optimized": {
    "@angular/cdk/bidi": {
      "src": "../../../../../../node_modules/@angular/cdk/fesm2022/bidi.mjs",
      "file": "@angular_cdk_bidi.js",
      "fileHash": "cd35a05f",
      "needsInterop": false
    },
    "@angular/cdk/scrolling": {
      "src": "../../../../../../node_modules/@angular/cdk/fesm2022/scrolling.mjs",
      "file": "@angular_cdk_scrolling.js",
      "fileHash": "674c30b8",
      "needsInterop": false
    },
    "@angular/cdk/text-field": {
      "src": "../../../../../../node_modules/@angular/cdk/fesm2022/text-field.mjs",
      "file": "@angular_cdk_text-field.js",
      "fileHash": "8577fad4",
      "needsInterop": false
    },
    "@angular/common": {
      "src": "../../../../../../node_modules/@angular/common/fesm2022/common.mjs",
      "file": "@angular_common.js",
      "fileHash": "2b016d02",
      "needsInterop": false
    },
    "@angular/common/http": {
      "src": "../../../../../../node_modules/@angular/common/fesm2022/http.mjs",
      "file": "@angular_common_http.js",
      "fileHash": "527cb138",
      "needsInterop": false
    },
    "@angular/core": {
      "src": "../../../../../../node_modules/@angular/core/fesm2022/core.mjs",
      "file": "@angular_core.js",
      "fileHash": "ff55c821",
      "needsInterop": false
    },
    "@angular/forms": {
      "src": "../../../../../../node_modules/@angular/forms/fesm2022/forms.mjs",
      "file": "@angular_forms.js",
      "fileHash": "49b32296",
      "needsInterop": false
    },
    "@angular/material/button": {
      "src": "../../../../../../node_modules/@angular/material/fesm2022/button.mjs",
      "file": "@angular_material_button.js",
      "fileHash": "6e5e4fe7",
      "needsInterop": false
    },
    "@angular/material/card": {
      "src": "../../../../../../node_modules/@angular/material/fesm2022/card.mjs",
      "file": "@angular_material_card.js",
      "fileHash": "ec31998a",
      "needsInterop": false
    },
    "@angular/material/core": {
      "src": "../../../../../../node_modules/@angular/material/fesm2022/core.mjs",
      "file": "@angular_material_core.js",
      "fileHash": "f7d9192a",
      "needsInterop": false
    },
    "@angular/material/form-field": {
      "src": "../../../../../../node_modules/@angular/material/fesm2022/form-field.mjs",
      "file": "@angular_material_form-field.js",
      "fileHash": "67e8df72",
      "needsInterop": false
    },
    "@angular/material/icon": {
      "src": "../../../../../../node_modules/@angular/material/fesm2022/icon.mjs",
      "file": "@angular_material_icon.js",
      "fileHash": "36d71a0f",
      "needsInterop": false
    },
    "@angular/material/input": {
      "src": "../../../../../../node_modules/@angular/material/fesm2022/input.mjs",
      "file": "@angular_material_input.js",
      "fileHash": "c74cbf49",
      "needsInterop": false
    },
    "@angular/material/select": {
      "src": "../../../../../../node_modules/@angular/material/fesm2022/select.mjs",
      "file": "@angular_material_select.js",
      "fileHash": "95718b8d",
      "needsInterop": false
    },
    "@angular/material/snack-bar": {
      "src": "../../../../../../node_modules/@angular/material/fesm2022/snack-bar.mjs",
      "file": "@angular_material_snack-bar.js",
      "fileHash": "9a8132d3",
      "needsInterop": false
    },
    "@angular/material/table": {
      "src": "../../../../../../node_modules/@angular/material/fesm2022/table.mjs",
      "file": "@angular_material_table.js",
      "fileHash": "a67ea38e",
      "needsInterop": false
    },
    "@angular/material/toolbar": {
      "src": "../../../../../../node_modules/@angular/material/fesm2022/toolbar.mjs",
      "file": "@angular_material_toolbar.js",
      "fileHash": "255c86da",
      "needsInterop": false
    },
    "@angular/platform-browser": {
      "src": "../../../../../../node_modules/@angular/platform-browser/fesm2022/platform-browser.mjs",
      "file": "@angular_platform-browser.js",
      "fileHash": "fb0c10da",
      "needsInterop": false
    },
    "@angular/router": {
      "src": "../../../../../../node_modules/@angular/router/fesm2022/router.mjs",
      "file": "@angular_router.js",
      "fileHash": "2ee1afb7",
      "needsInterop": false
    }
  },
  "chunks": {
    "chunk-FDNSDSTG": {
      "file": "chunk-FDNSDSTG.js"
    },
    "chunk-FNZ5SNSC": {
      "file": "chunk-FNZ5SNSC.js"
    },
    "chunk-WEPUVMMG": {
      "file": "chunk-WEPUVMMG.js"
    },
    "chunk-7UUQZNHW": {
      "file": "chunk-7UUQZNHW.js"
    },
    "chunk-PK6O73ZD": {
      "file": "chunk-PK6O73ZD.js"
    },
    "chunk-ORQFDPDQ": {
      "file": "chunk-ORQFDPDQ.js"
    },
    "chunk-SQJVLE7D": {
      "file": "chunk-SQJVLE7D.js"
    },
    "chunk-VE7YEOLP": {
      "file": "chunk-VE7YEOLP.js"
    },
    "chunk-VMXKEFTG": {
      "file": "chunk-VMXKEFTG.js"
    },
    "chunk-QK54DEVI": {
      "file": "chunk-QK54DEVI.js"
    },
    "chunk-PMZKYX2N": {
      "file": "chunk-PMZKYX2N.js"
    },
    "chunk-5CZQTCVS": {
      "file": "chunk-5CZQTCVS.js"
    },
    "chunk-37YV26NG": {
      "file": "chunk-37YV26NG.js"
    },
    "chunk-DCTGJ3L7": {
      "file": "chunk-DCTGJ3L7.js"
    },
    "chunk-SVVIGFXE": {
      "file": "chunk-SVVIGFXE.js"
    },
    "chunk-Q4ZGBJ53": {
      "file": "chunk-Q4ZGBJ53.js"
    },
    "chunk-EFTIR76Y": {
      "file": "chunk-EFTIR76Y.js"
    },
    "chunk-IJ3KGSPX": {
      "file": "chunk-IJ3KGSPX.js"
    },
    "chunk-7AWYDU2M": {
      "file": "chunk-7AWYDU2M.js"
    },
    "chunk-JJRS6EEO": {
      "file": "chunk-JJRS6EEO.js"
    },
    "chunk-2AH4CK6J": {
      "file": "chunk-2AH4CK6J.js"
    },
    "chunk-DVB5XV5R": {
      "file": "chunk-DVB5XV5R.js"
    },
    "chunk-LNBSAQH5": {
      "file": "chunk-LNBSAQH5.js"
    }
  }
}